customer_id,customer_name,age,gender,city,email,phone_number,joining_date
1001,Sanya Choudhary,31,Female,Delhi,sanya.choudhary1@gmail.com,9526872044,2023-09-19
1002,Isha Reddy,42,Male,Pune,isha.reddy2@gmail.com,9336844275,2023-10-30
1003,Nikhil Chopra,31,Female,Pune,nikhil.chopra3@gmail.com,9232546830,2023-05-02
1004,Divya Mehta,50,Female,Lucknow,divya.mehta4@gmail.com,9350538803,2024-12-15
1005,Sanjay Dutta,48,Male,Delhi,sanjay.dutta5@gmail.com,9913952041,2023-02-12
1006,Arjun Chatterjee,32,Male,Bangalore,arjun.chatterjee6@gmail.com,9369764178,2023-05-30
1007,Rakesh Rao,27,Male,Hyderabad,rakesh.rao7@gmail.com,9124226337,2024-09-25
1008,Pooja Reddy,60,Female,Lucknow,pooja.reddy8@gmail.com,9948023112,2025-10-01
1009,Ananya Chopra,26,Female,Chennai,ananya.chopra9@gmail.com,9215566695,2023-07-10
1010,Ananya Reddy,53,Female,Bangalore,ananya.reddy10@gmail.com,9973398541,2023-07-13
1011,Anjali Desai,50,Male,Kolkata,anjali.desai11@gmail.com,9158144085,2024-09-19
1012,Sneha Gupta,26,Female,Ahmedabad,sneha.gupta12@gmail.com,9322450418,2025-07-23
1013,Akash Iyer,24,Female,Hyderabad,akash.iyer13@gmail.com,9873245787,2023-04-26
1014,Ananya Iyer,54,Male,Delhi,ananya.iyer14@gmail.com,9980303668,2024-09-18
1015,Akash Kapoor,45,Male,Bangalore,akash.kapoor15@gmail.com,9552074712,2025-10-18
1016,Vivek Singh,59,Female,Bangalore,vivek.singh16@gmail.com,9853241738,2023-08-26
1017,Pooja Sharma,19,Male,Delhi,pooja.sharma17@gmail.com,9513564922,2024-02-17
1018,Aarav Chopra,40,Male,Delhi,aarav.chopra18@gmail.com,9805904612,2021-05-19
1019,Rahul Chatterjee,22,Female,Ahmedabad,rahul.chatterjee19@gmail.com,9610631725,2025-02-21
1020,Sneha Rao,57,Female,Ahmedabad,sneha.rao20@gmail.com,9462820627,2023-04-13
1021,Arjun Patel,43,Male,Lucknow,arjun.patel21@gmail.com,9111027461,2023-01-18
1022,Manoj Malhotra,34,Male,Ahmedabad,manoj.malhotra22@gmail.com,9888264796,2024-01-06
1023,Anjali Jain,49,Female,Hyderabad,anjali.jain23@gmail.com,9135255618,2023-11-03
1024,Aditya Saxena,38,Male,Jaipur,aditya.saxena24@gmail.com,9535411049,2022-06-29
1025,Priya Jain,32,Male,Hyderabad,priya.jain25@gmail.com,9413292373,2022-12-21
1026,Meera Gupta,47,Female,Chennai,meera.gupta26@gmail.com,9752140303,2023-12-01
1027,Neha Patel,51,Male,Ahmedabad,neha.patel27@gmail.com,9588518753,2023-05-19
1028,Vivek Singh,39,Male,Bangalore,vivek.singh28@gmail.com,9141803730,2021-05-22
1029,Shreya Bansal,51,Male,Bangalore,shreya.bansal29@gmail.com,9422774537,2023-10-20
1030,Karan Iyer,47,Male,Kolkata,karan.iyer30@gmail.com,9566942526,2022-08-08
1031,Siddharth Bhatia,23,Male,Hyderabad,siddharth.bhatia31@gmail.com,9267671598,2024-01-30
1032,Siddharth Kumar,29,Female,Mumbai,siddharth.kumar32@gmail.com,9707396905,2023-04-09
1033,Sneha Choudhary,45,Male,Lucknow,sneha.choudhary33@gmail.com,9407696625,2025-01-12
1034,Tanya Jain,32,Male,Ahmedabad,tanya.jain34@gmail.com,9870807127,2025-02-04
1035,Nikhil Iyer,28,Male,Kolkata,nikhil.iyer35@gmail.com,9235344514,2022-10-17
1036,Manoj Desai,44,Male,Bangalore,manoj.desai36@gmail.com,9123725428,2021-08-13
1037,Meera Bansal,20,Male,Bangalore,meera.bansal37@gmail.com,9289315806,2024-02-18
1038,Divya Saxena,30,Male,Hyderabad,divya.saxena38@gmail.com,9426706980,2024-08-14
1039,Manoj Saxena,35,Male,Ahmedabad,manoj.saxena39@gmail.com,9540681159,2021-10-14
1040,Nikhil Nair,32,Male,Hyderabad,nikhil.nair40@gmail.com,9725835701,2022-09-19
1041,Kavya Iyer,55,Male,Chennai,kavya.iyer41@gmail.com,9282206898,2023-11-25
1042,Karan Choudhary,52,Female,Ahmedabad,karan.choudhary42@gmail.com,9635941547,2023-11-07
1043,Ananya Desai,18,Female,Jaipur,ananya.desai43@gmail.com,9840783156,2021-07-18
1044,Vikas Reddy,30,Female,Lucknow,vikas.reddy44@gmail.com,9507697026,2023-04-19
1045,Akash Choudhary,21,Male,Delhi,akash.choudhary45@gmail.com,9648243613,2023-06-16
1046,Arjun Iyer,33,Female,Delhi,arjun.iyer46@gmail.com,9940305830,2023-02-10
1047,Aarav Mehta,37,Male,Pune,aarav.mehta47@gmail.com,9302679387,2021-12-05
1048,Vivek Dutta,41,Male,Bangalore,vivek.dutta48@gmail.com,9994323737,2023-09-06
1049,Vivek Reddy,53,Female,Lucknow,vivek.reddy49@gmail.com,9581553918,2025-07-16
1050,Rohit Chatterjee,29,Male,Lucknow,rohit.chatterjee50@gmail.com,9833397777,2025-11-28
1051,Rakesh Dutta,44,Male,Mumbai,rakesh.dutta51@gmail.com,9293974210,2022-09-28
1052,Arjun Bansal,31,Male,Delhi,arjun.bansal52@gmail.com,9682725957,2021-06-30
1053,Rohit Gupta,20,Male,Hyderabad,rohit.gupta53@gmail.com,9342906618,2022-11-15
1054,Akash Desai,29,Male,Bangalore,akash.desai54@gmail.com,9687067205,2023-05-07
1055,Ananya Reddy,41,Female,Hyderabad,ananya.reddy55@gmail.com,9996131428,2022-11-27
1056,Rahul Desai,21,Female,Kolkata,rahul.desai56@gmail.com,9431543315,2022-09-30
1057,Vivek Gupta,34,Female,Bangalore,vivek.gupta57@gmail.com,9649690163,2021-10-19
1058,Isha Reddy,44,Male,Ahmedabad,isha.reddy58@gmail.com,9172514141,2025-05-16
1059,Divya Kapoor,26,Male,Mumbai,divya.kapoor59@gmail.com,9281930937,2023-06-13
1060,Rohit Mehta,35,Female,Lucknow,rohit.mehta60@gmail.com,9951704454,2021-03-03
1061,Arjun Kapoor,49,Male,Chennai,arjun.kapoor61@gmail.com,9937759179,2023-06-14
1062,Nikhil Kumar,19,Female,Hyderabad,nikhil.kumar62@gmail.com,9833197517,2021-04-18
1063,Siddharth Bansal,57,Male,Pune,siddharth.bansal63@gmail.com,9877965228,2021-03-05
1064,Sanjay Malhotra,20,Male,Kolkata,sanjay.malhotra64@gmail.com,9635440963,2024-10-16
1065,Vikas Gupta,21,Female,Chennai,vikas.gupta65@gmail.com,9288711392,2023-11-19
1066,Isha Chopra,62,Male,Ahmedabad,isha.chopra66@gmail.com,9599465969,2022-06-08
1067,Vikas Reddy,45,Female,Bangalore,vikas.reddy67@gmail.com,9462893729,2021-07-07
1068,Sneha Mehta,31,Male,Kolkata,sneha.mehta68@gmail.com,9524235710,2024-07-03
1069,Vivek Malhotra,45,Female,Delhi,vivek.malhotra69@gmail.com,9373455859,2022-08-26
1070,Aditya Joshi,42,Female,Mumbai,aditya.joshi70@gmail.com,9495413200,2022-10-13
1071,Divya Choudhary,42,Male,Mumbai,divya.choudhary71@gmail.com,9320326379,2025-01-19
1072,Vikas Sharma,43,Female,Pune,vikas.sharma72@gmail.com,9860262970,2025-02-22
1073,Vivek Gupta,49,Female,Lucknow,vivek.gupta73@gmail.com,9121682143,2023-02-18
1074,Nikhil Reddy,58,Female,Bangalore,nikhil.reddy74@gmail.com,9157935980,2022-12-18
1075,Sneha Kapoor,52,Female,Delhi,sneha.kapoor75@gmail.com,9420030788,2025-05-20
1076,Divya Kapoor,22,Female,Jaipur,divya.kapoor76@gmail.com,9698158387,2025-11-20
1077,Riya Agarwal,20,Female,Lucknow,riya.agarwal77@gmail.com,9208917711,2022-07-19
1078,Sanjay Agarwal,38,Male,Chennai,sanjay.agarwal78@gmail.com,9630402825,2021-12-25
1079,Karan Reddy,54,Female,Chennai,karan.reddy79@gmail.com,9633909288,2022-09-11
1080,Pooja Gupta,22,Male,Hyderabad,pooja.gupta80@gmail.com,9615657404,2023-09-01
1081,Kavya Kumar,57,Male,Mumbai,kavya.kumar81@gmail.com,9706511325,2023-09-14
1082,Aditya Kapoor,61,Female,Pune,aditya.kapoor82@gmail.com,9145034896,2022-02-15
1083,Aarav Patel,40,Male,Chennai,aarav.patel83@gmail.com,9168303860,2022-09-02
1084,Priya Kapoor,58,Male,Lucknow,priya.kapoor84@gmail.com,9168739135,2021-08-01
1085,Ananya Bhatia,27,Male,Bangalore,ananya.bhatia85@gmail.com,9912537472,2021-06-23
1086,Neha Kapoor,63,Male,Lucknow,neha.kapoor86@gmail.com,9215104108,2025-04-04
1087,Ananya Malhotra,60,Female,Chennai,ananya.malhotra87@gmail.com,9536343214,2024-07-31
1088,Karan Bansal,53,Female,Ahmedabad,karan.bansal88@gmail.com,9262359792,2023-12-21
1089,Vivek Kumar,35,Female,Delhi,vivek.kumar89@gmail.com,9488514618,2023-12-09
1090,Karan Bhatia,58,Female,Delhi,karan.bhatia90@gmail.com,9304007379,2021-01-07
1091,Vikas Kumar,39,Female,Pune,vikas.kumar91@gmail.com,9172132084,2023-05-10
1092,Isha Bhatia,35,Male,Jaipur,isha.bhatia92@gmail.com,9831392391,2023-05-18
1093,Priya Rao,22,Male,Bangalore,priya.rao93@gmail.com,9988913642,2021-04-21
1094,Pooja Choudhary,60,Female,Ahmedabad,pooja.choudhary94@gmail.com,9658451823,2021-12-04
1095,Sanya Choudhary,31,Female,Ahmedabad,sanya.choudhary95@gmail.com,9821904404,2024-10-28
1096,Pooja Patel,23,Male,Chennai,pooja.patel96@gmail.com,9639772776,2025-04-24
1097,Neha Reddy,38,Female,Mumbai,neha.reddy97@gmail.com,9212866291,2024-02-26
1098,Karan Mehta,49,Female,Pune,karan.mehta98@gmail.com,9253400610,2024-09-25
1099,Sneha Chopra,42,Female,Chennai,sneha.chopra99@gmail.com,9779073122,2022-09-18
1100,Aarav Bansal,50,Female,Pune,aarav.bansal100@gmail.com,9353614746,2024-11-05
1101,Aditya Saxena,52,Female,Ahmedabad,aditya.saxena101@gmail.com,9201004805,2025-07-22
1102,Neha Patel,59,Female,Hyderabad,neha.patel102@gmail.com,9768055008,2024-01-30
1103,Shreya Kumar,62,Male,Pune,shreya.kumar103@gmail.com,9514615730,2023-11-25
1104,Priya Joshi,35,Female,Pune,priya.joshi104@gmail.com,9520833574,2021-04-27
1105,Arjun Joshi,61,Male,Jaipur,arjun.joshi105@gmail.com,9150687667,2021-09-26
1106,Vikas Sharma,50,Female,Kolkata,vikas.sharma106@gmail.com,9322299139,2022-05-03
1107,Tanya Agarwal,51,Female,Kolkata,tanya.agarwal107@gmail.com,9940823412,2025-07-19
1108,Sanya Reddy,64,Male,Bangalore,sanya.reddy108@gmail.com,9644478644,2021-08-02
1109,Meera Saxena,59,Female,Hyderabad,meera.saxena109@gmail.com,9115422208,2022-06-02
1110,Rohit Reddy,38,Male,Hyderabad,rohit.reddy110@gmail.com,9785947710,2025-09-12
1111,Rakesh Chatterjee,38,Male,Mumbai,rakesh.chatterjee111@gmail.com,9981042395,2025-11-15
1112,Aditya Bansal,45,Male,Ahmedabad,aditya.bansal112@gmail.com,9900474397,2025-07-02
1113,Meera Bansal,21,Female,Bangalore,meera.bansal113@gmail.com,9709552991,2022-05-21
1114,Rohit Jain,23,Female,Chennai,rohit.jain114@gmail.com,9317465606,2022-05-06
1115,Rakesh Saxena,60,Male,Delhi,rakesh.saxena115@gmail.com,9392496223,2022-06-16
1116,Meera Sharma,27,Male,Ahmedabad,meera.sharma116@gmail.com,9649132127,2024-11-29
1117,Priya Chatterjee,51,Male,Bangalore,priya.chatterjee117@gmail.com,9188832177,2021-05-14
1118,Rohit Kapoor,61,Female,Kolkata,rohit.kapoor118@gmail.com,9554343369,2024-12-25
1119,Riya Saxena,47,Male,Mumbai,riya.saxena119@gmail.com,9970151838,2021-06-11
1120,Akash Bhatia,48,Male,Lucknow,akash.bhatia120@gmail.com,9182448361,2025-11-22
1121,Sanya Nair,24,Male,Lucknow,sanya.nair121@gmail.com,9294535823,2024-10-03
1122,Ananya Mehta,31,Female,Mumbai,ananya.mehta122@gmail.com,9996403893,2023-01-16
1123,Manoj Verma,26,Female,Pune,manoj.verma123@gmail.com,9358848007,2022-01-10
1124,Akash Patel,44,Female,Hyderabad,akash.patel124@gmail.com,9616806907,2022-04-02
1125,Divya Nair,29,Female,Pune,divya.nair125@gmail.com,9173037839,2023-09-30
1126,Sanjay Patel,50,Male,Delhi,sanjay.patel126@gmail.com,9846671038,2025-08-23
1127,Kavya Desai,34,Male,Hyderabad,kavya.desai127@gmail.com,9996541421,2022-12-03
1128,Sanjay Chopra,31,Male,Pune,sanjay.chopra128@gmail.com,9658016632,2023-01-05
1129,Ananya Chopra,35,Male,Jaipur,ananya.chopra129@gmail.com,9122190695,2022-10-26
1130,Nikhil Kumar,64,Female,Delhi,nikhil.kumar130@gmail.com,9947876529,2021-11-17
1131,Vikas Reddy,40,Female,Bangalore,vikas.reddy131@gmail.com,9737882442,2022-10-25
1132,Nikhil Joshi,48,Male,Chennai,nikhil.joshi132@gmail.com,9573655508,2023-02-09
1133,Neha Rao,43,Female,Lucknow,neha.rao133@gmail.com,9289624664,2023-11-18
1134,Raghav Joshi,35,Male,Hyderabad,raghav.joshi134@gmail.com,9496750993,2025-07-12
1135,Vivek Saxena,24,Female,Jaipur,vivek.saxena135@gmail.com,9390606927,2021-11-19
1136,Sneha Bhatia,26,Female,Jaipur,sneha.bhatia136@gmail.com,9606977882,2022-08-30
1137,Neha Mehta,45,Female,Bangalore,neha.mehta137@gmail.com,9491912267,2021-12-26
1138,Rahul Reddy,22,Female,Ahmedabad,rahul.reddy138@gmail.com,9291094477,2021-06-04
1139,Siddharth Patel,43,Female,Delhi,siddharth.patel139@gmail.com,9139620734,2025-03-10
1140,Priya Agarwal,54,Male,Lucknow,priya.agarwal140@gmail.com,9194068373,2024-04-20
1141,Vivek Patel,47,Male,Ahmedabad,vivek.patel141@gmail.com,9342481454,2023-05-03
1142,Riya Rao,54,Female,Bangalore,riya.rao142@gmail.com,9648603837,2022-12-17
1143,Sanjay Dutta,21,Female,Bangalore,sanjay.dutta143@gmail.com,9898060249,2021-04-03
1144,Kavya Iyer,36,Male,Delhi,kavya.iyer144@gmail.com,9520288396,2025-08-11
1145,Vivek Verma,46,Male,Delhi,vivek.verma145@gmail.com,9132006049,2021-12-25
1146,Tanya Iyer,24,Female,Kolkata,tanya.iyer146@gmail.com,9470218316,2025-06-01
1147,Nikhil Gupta,64,Male,Pune,nikhil.gupta147@gmail.com,9892542795,2022-10-26
1148,Vikas Agarwal,50,Male,Jaipur,vikas.agarwal148@gmail.com,9634098924,2024-08-20
1149,Riya Chatterjee,64,Female,Mumbai,riya.chatterjee149@gmail.com,9837025590,2024-11-08
1150,Divya Saxena,42,Female,Ahmedabad,divya.saxena150@gmail.com,9999052818,2021-07-10
1151,Pooja Iyer,48,Female,Lucknow,pooja.iyer151@gmail.com,9762103482,2021-08-22
1152,Karan Malhotra,63,Male,Hyderabad,karan.malhotra152@gmail.com,9327004608,2022-03-25
1153,Rohit Kumar,51,Female,Delhi,rohit.kumar153@gmail.com,9233918083,2021-02-12
1154,Vivek Rao,48,Female,Kolkata,vivek.rao154@gmail.com,9689224575,2024-10-14
1155,Riya Kapoor,45,Female,Delhi,riya.kapoor155@gmail.com,9427891399,2023-01-18
1156,Tanya Rao,51,Male,Jaipur,tanya.rao156@gmail.com,9530789050,2023-02-24
1157,Rakesh Bansal,49,Female,Jaipur,rakesh.bansal157@gmail.com,9473875948,2024-09-16
1158,Divya Nair,48,Male,Delhi,divya.nair158@gmail.com,9585783670,2022-03-03
1159,Karan Mehta,20,Female,Bangalore,karan.mehta159@gmail.com,9295627036,2023-04-08
1160,Neha Joshi,21,Male,Jaipur,neha.joshi160@gmail.com,9800755504,2021-07-08
1161,Vivek Nair,41,Female,Kolkata,vivek.nair161@gmail.com,9155505415,2022-07-20
1162,Anjali Bhatia,23,Female,Mumbai,anjali.bhatia162@gmail.com,9917420461,2022-05-10
1163,Tanya Sharma,54,Male,Chennai,tanya.sharma163@gmail.com,9443358978,2025-01-31
1164,Sanjay Reddy,62,Female,Delhi,sanjay.reddy164@gmail.com,9638916765,2024-07-07
1165,Raghav Mehta,24,Male,Delhi,raghav.mehta165@gmail.com,9357316183,2023-11-22
1166,Sneha Kapoor,65,Male,Chennai,sneha.kapoor166@gmail.com,9106612219,2024-03-26
1167,Arjun Kumar,52,Female,Lucknow,arjun.kumar167@gmail.com,9859111583,2023-07-09
1168,Neha Desai,41,Female,Delhi,neha.desai168@gmail.com,9224290905,2021-12-21
1169,Priya Gupta,44,Female,Lucknow,priya.gupta169@gmail.com,9591706389,2022-12-01
1170,Aarav Desai,41,Male,Mumbai,aarav.desai170@gmail.com,9534347904,2025-01-21
1171,Sanjay Malhotra,22,Male,Delhi,sanjay.malhotra171@gmail.com,9543968113,2021-01-20
1172,Vikas Malhotra,23,Female,Pune,vikas.malhotra172@gmail.com,9824281806,2023-07-24
1173,Vivek Patel,62,Female,Chennai,vivek.patel173@gmail.com,9894903172,2024-09-19
1174,Vikas Sharma,60,Female,Mumbai,vikas.sharma174@gmail.com,9355881910,2025-03-26
1175,Anjali Bansal,19,Female,Mumbai,anjali.bansal175@gmail.com,9637616012,2024-08-23
1176,Aditya Kumar,61,Male,Kolkata,aditya.kumar176@gmail.com,9250131810,2025-07-13
1177,Divya Rao,19,Female,Jaipur,divya.rao177@gmail.com,9141620150,2022-05-08
1178,Shreya Nair,18,Female,Lucknow,shreya.nair178@gmail.com,9149462103,2023-07-27
1179,Vikas Joshi,26,Female,Bangalore,vikas.joshi179@gmail.com,9998009821,2025-01-31
1180,Sanjay Patel,65,Male,Delhi,sanjay.patel180@gmail.com,9915154585,2023-06-25
1181,Neha Patel,45,Male,Hyderabad,neha.patel181@gmail.com,9676656740,2025-04-14
1182,Ananya Sharma,27,Male,Mumbai,ananya.sharma182@gmail.com,9135438698,2025-06-02
1183,Isha Malhotra,21,Male,Chennai,isha.malhotra183@gmail.com,9623660743,2024-04-12
1184,Arjun Kumar,24,Female,Lucknow,arjun.kumar184@gmail.com,9212695023,2024-10-23
1185,Raghav Malhotra,62,Female,Ahmedabad,raghav.malhotra185@gmail.com,9973288090,2023-10-30
1186,Sneha Dutta,55,Male,Chennai,sneha.dutta186@gmail.com,9290811793,2025-01-21
1187,Manoj Saxena,18,Male,Bangalore,manoj.saxena187@gmail.com,9645241482,2022-09-18
1188,Shreya Dutta,41,Male,Chennai,shreya.dutta188@gmail.com,9392743581,2025-07-10
1189,Vivek Mehta,19,Female,Delhi,vivek.mehta189@gmail.com,9330191023,2024-04-29
1190,Rakesh Chatterjee,42,Male,Lucknow,rakesh.chatterjee190@gmail.com,9467929138,2021-08-17
1191,Amit Verma,36,Male,Ahmedabad,amit.verma191@gmail.com,9806468595,2023-09-24
1192,Rahul Gupta,21,Female,Ahmedabad,rahul.gupta192@gmail.com,9367425475,2022-09-27
1193,Arjun Rao,35,Male,Ahmedabad,arjun.rao193@gmail.com,9688493449,2021-05-14
1194,Sanya Chopra,20,Male,Mumbai,sanya.chopra194@gmail.com,9569139112,2024-10-25
1195,Priya Desai,25,Male,Lucknow,priya.desai195@gmail.com,9878613135,2021-05-19
1196,Sneha Reddy,32,Female,Ahmedabad,sneha.reddy196@gmail.com,9600322476,2025-07-29
1197,Nikhil Singh,52,Female,Kolkata,nikhil.singh197@gmail.com,9722679038,2022-08-07
1198,Nikhil Kumar,54,Male,Pune,nikhil.kumar198@gmail.com,9508534293,2024-10-06
1199,Rakesh Malhotra,55,Female,Delhi,rakesh.malhotra199@gmail.com,9590017857,2021-05-30
1200,Karan Malhotra,18,Female,Bangalore,karan.malhotra200@gmail.com,9903406902,2025-06-19
1201,Sneha Singh,36,Male,Jaipur,sneha.singh201@gmail.com,9630345392,2022-10-09
1202,Anjali Verma,18,Female,Lucknow,anjali.verma202@gmail.com,9157996523,2024-11-12
1203,Meera Malhotra,33,Male,Lucknow,meera.malhotra203@gmail.com,9595998942,2021-08-01
1204,Aarav Choudhary,31,Female,Bangalore,aarav.choudhary204@gmail.com,9898575358,2023-09-11
1205,Riya Patel,23,Male,Pune,riya.patel205@gmail.com,9590602290,2023-03-06
1206,Neha Singh,62,Male,Mumbai,neha.singh206@gmail.com,9804655797,2022-04-20
1207,Ananya Chatterjee,28,Female,Chennai,ananya.chatterjee207@gmail.com,9489811501,2022-10-02
1208,Ananya Iyer,21,Male,Kolkata,ananya.iyer208@gmail.com,9849911773,2022-11-24
1209,Raghav Bhatia,47,Female,Lucknow,raghav.bhatia209@gmail.com,9631898995,2023-07-24
1210,Siddharth Saxena,39,Male,Kolkata,siddharth.saxena210@gmail.com,9117456138,2022-05-23
1211,Amit Jain,34,Male,Lucknow,amit.jain211@gmail.com,9635912946,2023-09-08
1212,Nikhil Reddy,57,Male,Bangalore,nikhil.reddy212@gmail.com,9804635399,2024-12-10
1213,Pooja Choudhary,43,Male,Mumbai,pooja.choudhary213@gmail.com,9251180957,2021-06-19
1214,Riya Chopra,27,Male,Ahmedabad,riya.chopra214@gmail.com,9892712091,2025-08-17
1215,Meera Choudhary,21,Male,Kolkata,meera.choudhary215@gmail.com,9383089618,2024-02-22
1216,Pooja Patel,32,Female,Bangalore,pooja.patel216@gmail.com,9895365935,2022-09-17
1217,Siddharth Chatterjee,42,Male,Ahmedabad,siddharth.chatterjee217@gmail.com,9580211636,2025-03-21
1218,Tanya Iyer,23,Male,Kolkata,tanya.iyer218@gmail.com,9717658983,2025-05-11
1219,Rahul Choudhary,28,Male,Chennai,rahul.choudhary219@gmail.com,9195461562,2021-03-19
1220,Pooja Malhotra,61,Female,Mumbai,pooja.malhotra220@gmail.com,9393297053,2025-05-22
1221,Rakesh Bansal,30,Female,Pune,rakesh.bansal221@gmail.com,9295320398,2024-07-16
1222,Sanya Chatterjee,35,Male,Bangalore,sanya.chatterjee222@gmail.com,9512454175,2025-03-29
1223,Kavya Jain,53,Male,Delhi,kavya.jain223@gmail.com,9188972957,2025-09-07
1224,Sneha Reddy,37,Female,Ahmedabad,sneha.reddy224@gmail.com,9482045615,2021-06-10
1225,Sanya Agarwal,58,Male,Pune,sanya.agarwal225@gmail.com,9730962992,2023-05-05
1226,Rohit Verma,51,Female,Hyderabad,rohit.verma226@gmail.com,9610468885,2025-05-12
1227,Isha Singh,33,Male,Kolkata,isha.singh227@gmail.com,9115687746,2023-10-26
1228,Rohit Iyer,25,Male,Lucknow,rohit.iyer228@gmail.com,9501424801,2025-04-17
1229,Isha Kapoor,39,Female,Kolkata,isha.kapoor229@gmail.com,9849341081,2023-10-22
1230,Raghav Bhatia,48,Male,Hyderabad,raghav.bhatia230@gmail.com,9465844174,2021-04-03
1231,Tanya Chopra,22,Male,Ahmedabad,tanya.chopra231@gmail.com,9557457600,2024-12-06
1232,Vivek Rao,25,Female,Delhi,vivek.rao232@gmail.com,9508243528,2024-04-22
1233,Tanya Joshi,55,Male,Kolkata,tanya.joshi233@gmail.com,9663120814,2024-12-12
1234,Amit Mehta,48,Male,Jaipur,amit.mehta234@gmail.com,9628666863,2022-08-11
1235,Siddharth Verma,40,Male,Delhi,siddharth.verma235@gmail.com,9479561019,2022-07-22
1236,Raghav Singh,27,Female,Bangalore,raghav.singh236@gmail.com,9176095848,2025-09-20
1237,Arjun Malhotra,26,Female,Lucknow,arjun.malhotra237@gmail.com,9137930183,2023-10-08
1238,Rahul Joshi,51,Male,Ahmedabad,rahul.joshi238@gmail.com,9810975942,2024-02-24
1239,Riya Rao,53,Female,Hyderabad,riya.rao239@gmail.com,9858167017,2021-08-31
1240,Shreya Joshi,40,Male,Mumbai,shreya.joshi240@gmail.com,9926808835,2021-09-17
1241,Isha Agarwal,33,Male,Lucknow,isha.agarwal241@gmail.com,9211037306,2025-07-20
1242,Sanya Saxena,59,Female,Ahmedabad,sanya.saxena242@gmail.com,9352995235,2021-02-13
1243,Tanya Reddy,22,Female,Bangalore,tanya.reddy243@gmail.com,9629247363,2021-04-24
1244,Manoj Chopra,29,Male,Delhi,manoj.chopra244@gmail.com,9426515509,2022-06-11
1245,Sanya Dutta,19,Male,Hyderabad,sanya.dutta245@gmail.com,9967397210,2022-12-23
1246,Sanjay Nair,49,Female,Bangalore,sanjay.nair246@gmail.com,9343450333,2022-06-01
1247,Manoj Verma,39,Female,Mumbai,manoj.verma247@gmail.com,9582529069,2025-09-21
1248,Isha Nair,49,Male,Chennai,isha.nair248@gmail.com,9439596506,2021-03-30
1249,Akash Malhotra,53,Female,Pune,akash.malhotra249@gmail.com,9250688418,2025-08-31
1250,Vivek Saxena,61,Female,Delhi,vivek.saxena250@gmail.com,9273965574,2023-07-05
1251,Rakesh Choudhary,51,Male,Hyderabad,rakesh.choudhary251@gmail.com,9485069213,2025-02-16
1252,Siddharth Rao,36,Female,Chennai,siddharth.rao252@gmail.com,9427595446,2025-05-24
1253,Divya Chopra,60,Female,Mumbai,divya.chopra253@gmail.com,9475731750,2022-07-13
1254,Vikas Desai,64,Female,Delhi,vikas.desai254@gmail.com,9156775094,2021-08-11
1255,Manoj Choudhary,43,Female,Bangalore,manoj.choudhary255@gmail.com,9566940360,2021-10-09
1256,Amit Iyer,29,Male,Delhi,amit.iyer256@gmail.com,9861756427,2023-08-25
1257,Aditya Saxena,37,Female,Pune,aditya.saxena257@gmail.com,9472721780,2022-04-21
1258,Nikhil Kumar,45,Female,Ahmedabad,nikhil.kumar258@gmail.com,9115988505,2023-05-23
1259,Arjun Kumar,32,Female,Bangalore,arjun.kumar259@gmail.com,9889647762,2022-08-02
1260,Kavya Dutta,54,Male,Jaipur,kavya.dutta260@gmail.com,9928554153,2023-12-08
1261,Ananya Iyer,38,Female,Hyderabad,ananya.iyer261@gmail.com,9547758468,2021-07-26
1262,Amit Joshi,36,Female,Jaipur,amit.joshi262@gmail.com,9984998989,2022-09-15
1263,Priya Sharma,49,Male,Hyderabad,priya.sharma263@gmail.com,9290769359,2023-11-28
1264,Sanya Iyer,42,Male,Jaipur,sanya.iyer264@gmail.com,9822167456,2024-06-18
1265,Sanya Reddy,26,Female,Delhi,sanya.reddy265@gmail.com,9623151181,2024-07-22
1266,Arjun Kumar,34,Female,Delhi,arjun.kumar266@gmail.com,9815795904,2021-09-11
1267,Pooja Agarwal,47,Female,Bangalore,pooja.agarwal267@gmail.com,9581180480,2022-08-31
1268,Shreya Verma,38,Female,Mumbai,shreya.verma268@gmail.com,9234898265,2021-05-12
1269,Priya Gupta,27,Male,Delhi,priya.gupta269@gmail.com,9467465860,2022-07-16
1270,Amit Kapoor,60,Female,Hyderabad,amit.kapoor270@gmail.com,9765449701,2021-05-05
1271,Arjun Nair,64,Male,Mumbai,arjun.nair271@gmail.com,9555482552,2021-12-09
1272,Vikas Chopra,22,Male,Bangalore,vikas.chopra272@gmail.com,9736963656,2022-10-06
1273,Sneha Saxena,29,Female,Ahmedabad,sneha.saxena273@gmail.com,9462605773,2023-01-27
1274,Rakesh Saxena,45,Female,Pune,rakesh.saxena274@gmail.com,9917846361,2021-07-17
1275,Sanya Kapoor,47,Male,Pune,sanya.kapoor275@gmail.com,9968811085,2021-07-09
1276,Vivek Reddy,36,Male,Bangalore,vivek.reddy276@gmail.com,9178305903,2025-06-24
1277,Meera Choudhary,47,Male,Mumbai,meera.choudhary277@gmail.com,9369263130,2024-12-02
1278,Priya Agarwal,42,Female,Kolkata,priya.agarwal278@gmail.com,9956553155,2024-03-19
1279,Pooja Joshi,29,Female,Pune,pooja.joshi279@gmail.com,9391008620,2022-05-17
1280,Rohit Gupta,35,Female,Jaipur,rohit.gupta280@gmail.com,9685722269,2024-05-15
1281,Raghav Bansal,39,Male,Bangalore,raghav.bansal281@gmail.com,9166214837,2021-09-16
1282,Manoj Chopra,24,Male,Bangalore,manoj.chopra282@gmail.com,9235149136,2025-05-15
1283,Ananya Verma,54,Male,Chennai,ananya.verma283@gmail.com,9419158303,2021-03-26
1284,Shreya Iyer,24,Female,Chennai,shreya.iyer284@gmail.com,9426200492,2021-10-10
1285,Neha Bhatia,39,Female,Pune,neha.bhatia285@gmail.com,9129508364,2025-11-27
1286,Shreya Sharma,21,Female,Delhi,shreya.sharma286@gmail.com,9252893777,2025-01-25
1287,Ananya Patel,23,Male,Pune,ananya.patel287@gmail.com,9174899369,2025-02-04
1288,Siddharth Gupta,46,Female,Chennai,siddharth.gupta288@gmail.com,9194430603,2024-02-28
1289,Anjali Desai,20,Male,Mumbai,anjali.desai289@gmail.com,9780115357,2024-04-14
1290,Priya Malhotra,53,Male,Ahmedabad,priya.malhotra290@gmail.com,9448474397,2025-08-29
1291,Aarav Malhotra,36,Male,Mumbai,aarav.malhotra291@gmail.com,9565700802,2025-04-11
1292,Riya Sharma,63,Female,Pune,riya.sharma292@gmail.com,9678312171,2021-12-16
1293,Akash Nair,32,Male,Lucknow,akash.nair293@gmail.com,9799308063,2025-05-28
1294,Aditya Reddy,46,Male,Mumbai,aditya.reddy294@gmail.com,9142909272,2024-11-12
1295,Raghav Desai,37,Male,Mumbai,raghav.desai295@gmail.com,9247756554,2024-07-17
1296,Raghav Agarwal,63,Male,Lucknow,raghav.agarwal296@gmail.com,9380382547,2023-08-27
1297,Raghav Iyer,20,Female,Pune,raghav.iyer297@gmail.com,9760010091,2022-10-21
1298,Rohit Mehta,58,Male,Delhi,rohit.mehta298@gmail.com,9500333758,2022-03-30
1299,Sanya Agarwal,52,Female,Bangalore,sanya.agarwal299@gmail.com,9836502781,2022-02-28
1300,Vikas Agarwal,52,Male,Pune,vikas.agarwal300@gmail.com,9157380307,2021-09-03
1301,Rakesh Kumar,59,Female,Ahmedabad,rakesh.kumar301@gmail.com,9725696432,2021-12-22
1302,Tanya Saxena,52,Female,Kolkata,tanya.saxena302@gmail.com,9946408348,2021-08-24
1303,Sanya Jain,43,Female,Pune,sanya.jain303@gmail.com,9834369972,2024-10-21
1304,Meera Desai,22,Male,Lucknow,meera.desai304@gmail.com,9575745762,2025-06-15
1305,Nikhil Gupta,41,Female,Chennai,nikhil.gupta305@gmail.com,9882733877,2022-10-27
1306,Arjun Joshi,27,Female,Hyderabad,arjun.joshi306@gmail.com,9138163693,2025-02-19
1307,Isha Chatterjee,36,Male,Ahmedabad,isha.chatterjee307@gmail.com,9730086806,2021-08-05
1308,Shreya Jain,28,Female,Bangalore,shreya.jain308@gmail.com,9283324550,2023-04-29
1309,Ananya Kapoor,43,Female,Mumbai,ananya.kapoor309@gmail.com,9607809700,2024-10-04
1310,Sneha Nair,59,Male,Mumbai,sneha.nair310@gmail.com,9356524972,2021-11-26
1311,Kavya Verma,54,Male,Mumbai,kavya.verma311@gmail.com,9795597368,2021-12-27
1312,Shreya Mehta,25,Male,Mumbai,shreya.mehta312@gmail.com,9710772304,2021-08-01
1313,Meera Kapoor,28,Male,Pune,meera.kapoor313@gmail.com,9300501189,2023-02-14
1314,Vivek Patel,22,Male,Hyderabad,vivek.patel314@gmail.com,9327467678,2022-05-23
1315,Raghav Reddy,26,Male,Ahmedabad,raghav.reddy315@gmail.com,9697198788,2021-12-23
1316,Meera Singh,31,Male,Kolkata,meera.singh316@gmail.com,9660917464,2025-08-18
1317,Priya Mehta,49,Male,Jaipur,priya.mehta317@gmail.com,9750872238,2023-09-10
1318,Riya Chatterjee,51,Female,Ahmedabad,riya.chatterjee318@gmail.com,9597695648,2023-10-19
1319,Karan Nair,19,Male,Mumbai,karan.nair319@gmail.com,9751226931,2024-04-20
1320,Siddharth Nair,32,Female,Hyderabad,siddharth.nair320@gmail.com,9813700055,2023-01-17
1321,Karan Rao,64,Female,Hyderabad,karan.rao321@gmail.com,9231492818,2025-02-22
1322,Riya Patel,64,Male,Hyderabad,riya.patel322@gmail.com,9504288801,2024-03-01
1323,Aarav Nair,28,Male,Hyderabad,aarav.nair323@gmail.com,9410368204,2024-12-23
1324,Akash Joshi,22,Female,Bangalore,akash.joshi324@gmail.com,9399624082,2022-08-25
1325,Meera Reddy,54,Female,Hyderabad,meera.reddy325@gmail.com,9236845180,2021-04-26
1326,Arjun Desai,49,Male,Jaipur,arjun.desai326@gmail.com,9905296955,2023-11-04
1327,Manoj Iyer,57,Female,Bangalore,manoj.iyer327@gmail.com,9643274314,2021-12-17
1328,Arjun Chatterjee,65,Female,Bangalore,arjun.chatterjee328@gmail.com,9828971123,2024-01-13
1329,Arjun Choudhary,23,Female,Chennai,arjun.choudhary329@gmail.com,9337999877,2021-03-28
1330,Aarav Sharma,44,Female,Delhi,aarav.sharma330@gmail.com,9145503729,2021-03-03
1331,Neha Rao,43,Female,Lucknow,neha.rao331@gmail.com,9304900845,2022-06-26
1332,Kavya Reddy,65,Male,Lucknow,kavya.reddy332@gmail.com,9568873531,2023-04-13
1333,Sanya Jain,19,Female,Chennai,sanya.jain333@gmail.com,9207881984,2021-02-13
1334,Rohit Iyer,28,Male,Chennai,rohit.iyer334@gmail.com,9177590103,2023-01-07
1335,Divya Rao,33,Male,Lucknow,divya.rao335@gmail.com,9950602428,2021-02-27
1336,Sanjay Patel,54,Female,Pune,sanjay.patel336@gmail.com,9757016291,2022-10-21
1337,Amit Chopra,37,Male,Chennai,amit.chopra337@gmail.com,9270778536,2025-03-21
1338,Shreya Reddy,26,Male,Hyderabad,shreya.reddy338@gmail.com,9786251914,2025-11-24
1339,Rohit Patel,28,Male,Hyderabad,rohit.patel339@gmail.com,9638607788,2023-11-02
1340,Rakesh Bansal,26,Male,Hyderabad,rakesh.bansal340@gmail.com,9183818364,2023-08-16
1341,Priya Patel,22,Female,Lucknow,priya.patel341@gmail.com,9671325743,2025-03-23
1342,Rohit Verma,50,Female,Chennai,rohit.verma342@gmail.com,9110417216,2023-04-19
1343,Siddharth Agarwal,43,Male,Pune,siddharth.agarwal343@gmail.com,9716476046,2021-03-22
1344,Divya Reddy,35,Female,Jaipur,divya.reddy344@gmail.com,9703687862,2021-06-15
1345,Karan Bansal,62,Female,Ahmedabad,karan.bansal345@gmail.com,9617464060,2025-10-22
1346,Rohit Choudhary,40,Male,Hyderabad,rohit.choudhary346@gmail.com,9367503287,2021-01-29
1347,Sneha Singh,50,Male,Pune,sneha.singh347@gmail.com,9412376306,2025-01-20
1348,Anjali Gupta,61,Female,Bangalore,anjali.gupta348@gmail.com,9233765249,2021-12-04
1349,Akash Singh,27,Male,Ahmedabad,akash.singh349@gmail.com,9246791630,2025-02-07
1350,Shreya Malhotra,29,Female,Hyderabad,shreya.malhotra350@gmail.com,9203008647,2021-09-30
1351,Pooja Mehta,59,Female,Chennai,pooja.mehta351@gmail.com,9288081408,2023-08-09
1352,Isha Dutta,48,Male,Chennai,isha.dutta352@gmail.com,9174405528,2022-12-22
1353,Priya Singh,52,Female,Jaipur,priya.singh353@gmail.com,9389432491,2023-12-19
1354,Priya Reddy,38,Male,Delhi,priya.reddy354@gmail.com,9331509280,2022-03-03
1355,Priya Chopra,34,Male,Mumbai,priya.chopra355@gmail.com,9761873575,2022-07-02
1356,Sneha Dutta,54,Female,Kolkata,sneha.dutta356@gmail.com,9267194485,2021-01-19
1357,Ananya Gupta,20,Male,Ahmedabad,ananya.gupta357@gmail.com,9318318317,2024-12-03
1358,Neha Chopra,52,Male,Chennai,neha.chopra358@gmail.com,9781407255,2024-03-29
1359,Raghav Verma,19,Female,Delhi,raghav.verma359@gmail.com,9928411517,2021-09-05
1360,Sanya Kapoor,55,Male,Lucknow,sanya.kapoor360@gmail.com,9298934127,2021-12-08
1361,Manoj Nair,46,Male,Delhi,manoj.nair361@gmail.com,9228404430,2023-06-22
1362,Karan Chatterjee,36,Male,Hyderabad,karan.chatterjee362@gmail.com,9405160685,2023-05-10
1363,Ananya Agarwal,28,Female,Lucknow,ananya.agarwal363@gmail.com,9861187927,2021-10-16
1364,Vivek Mehta,28,Male,Mumbai,vivek.mehta364@gmail.com,9727565591,2022-11-30
1365,Anjali Bansal,55,Female,Lucknow,anjali.bansal365@gmail.com,9533515071,2025-09-05
1366,Vivek Kapoor,45,Male,Pune,vivek.kapoor366@gmail.com,9868343398,2021-10-11
1367,Nikhil Joshi,59,Male,Mumbai,nikhil.joshi367@gmail.com,9184390236,2024-01-24
1368,Arjun Gupta,29,Female,Delhi,arjun.gupta368@gmail.com,9892533019,2024-02-08
1369,Manoj Joshi,34,Female,Pune,manoj.joshi369@gmail.com,9442493027,2022-08-03
1370,Priya Kumar,25,Female,Delhi,priya.kumar370@gmail.com,9832818426,2023-12-22
1371,Raghav Gupta,56,Female,Delhi,raghav.gupta371@gmail.com,9687101343,2023-09-19
1372,Aarav Singh,39,Female,Kolkata,aarav.singh372@gmail.com,9921552348,2024-01-05
1373,Manoj Desai,35,Female,Lucknow,manoj.desai373@gmail.com,9676961015,2025-08-14
1374,Vivek Nair,55,Female,Chennai,vivek.nair374@gmail.com,9169563121,2022-10-10
1375,Aarav Iyer,53,Male,Pune,aarav.iyer375@gmail.com,9604001273,2022-07-24
1376,Sanjay Kapoor,45,Female,Bangalore,sanjay.kapoor376@gmail.com,9976716565,2023-05-08
1377,Isha Gupta,30,Female,Ahmedabad,isha.gupta377@gmail.com,9232975525,2024-01-27
1378,Manoj Nair,26,Male,Mumbai,manoj.nair378@gmail.com,9674878148,2022-03-31
1379,Sneha Reddy,37,Female,Delhi,sneha.reddy379@gmail.com,9399748858,2023-03-01
1380,Rakesh Dutta,57,Female,Mumbai,rakesh.dutta380@gmail.com,9908572502,2024-09-16
1381,Sanya Agarwal,32,Male,Kolkata,sanya.agarwal381@gmail.com,9322632890,2024-06-27
1382,Rohit Verma,59,Female,Mumbai,rohit.verma382@gmail.com,9504617173,2023-02-07
1383,Meera Patel,55,Male,Chennai,meera.patel383@gmail.com,9147421851,2024-08-21
1384,Pooja Bhatia,38,Female,Delhi,pooja.bhatia384@gmail.com,9727938709,2025-08-01
1385,Nikhil Sharma,25,Female,Lucknow,nikhil.sharma385@gmail.com,9985928843,2022-10-11
1386,Siddharth Dutta,49,Male,Bangalore,siddharth.dutta386@gmail.com,9638957249,2021-10-05
1387,Shreya Sharma,21,Male,Mumbai,shreya.sharma387@gmail.com,9617591416,2022-06-26
1388,Shreya Joshi,40,Male,Delhi,shreya.joshi388@gmail.com,9290093186,2022-11-15
1389,Rohit Gupta,39,Male,Jaipur,rohit.gupta389@gmail.com,9802090284,2021-10-19
1390,Manoj Bhatia,33,Male,Bangalore,manoj.bhatia390@gmail.com,9320691586,2022-05-24
1391,Siddharth Desai,39,Male,Kolkata,siddharth.desai391@gmail.com,9627103643,2021-11-19
1392,Sanjay Rao,47,Female,Pune,sanjay.rao392@gmail.com,9562112685,2022-12-30
1393,Priya Verma,33,Male,Jaipur,priya.verma393@gmail.com,9353831365,2022-01-06
1394,Akash Chatterjee,19,Female,Kolkata,akash.chatterjee394@gmail.com,9878443806,2021-06-12
1395,Akash Kumar,44,Female,Delhi,akash.kumar395@gmail.com,9215707010,2021-06-16
1396,Rahul Jain,22,Female,Jaipur,rahul.jain396@gmail.com,9883534749,2022-04-14
1397,Tanya Bansal,52,Female,Pune,tanya.bansal397@gmail.com,9456897556,2022-04-08
1398,Akash Kapoor,43,Male,Delhi,akash.kapoor398@gmail.com,9270456595,2021-10-16
1399,Rahul Reddy,23,Male,Bangalore,rahul.reddy399@gmail.com,9619208673,2025-05-26
1400,Sanjay Chopra,19,Male,Mumbai,sanjay.chopra400@gmail.com,9837989033,2023-07-02
1401,Isha Dutta,20,Male,Delhi,isha.dutta401@gmail.com,9581971527,2025-03-23
1402,Akash Singh,29,Male,Mumbai,akash.singh402@gmail.com,9750691684,2024-08-17
1403,Sanjay Agarwal,57,Female,Pune,sanjay.agarwal403@gmail.com,9510932820,2022-06-18
1404,Sanya Bhatia,44,Female,Mumbai,sanya.bhatia404@gmail.com,9917747295,2021-02-27
1405,Amit Dutta,46,Male,Lucknow,amit.dutta405@gmail.com,9447864239,2023-10-19
1406,Siddharth Iyer,50,Male,Delhi,siddharth.iyer406@gmail.com,9540465939,2022-04-21
1407,Sanya Verma,52,Female,Mumbai,sanya.verma407@gmail.com,9591296895,2025-02-07
1408,Priya Malhotra,27,Female,Chennai,priya.malhotra408@gmail.com,9190737068,2025-08-20
1409,Nikhil Chopra,62,Female,Ahmedabad,nikhil.chopra409@gmail.com,9313527026,2023-09-20
1410,Divya Chopra,41,Male,Delhi,divya.chopra410@gmail.com,9491750180,2022-03-01
1411,Arjun Kapoor,63,Female,Kolkata,arjun.kapoor411@gmail.com,9692751507,2023-12-18
1412,Meera Singh,58,Male,Kolkata,meera.singh412@gmail.com,9401478152,2025-08-01
1413,Siddharth Bansal,25,Female,Lucknow,siddharth.bansal413@gmail.com,9278705233,2025-03-30
1414,Meera Saxena,57,Male,Bangalore,meera.saxena414@gmail.com,9942021176,2022-06-02
1415,Pooja Dutta,58,Female,Chennai,pooja.dutta415@gmail.com,9315045526,2021-02-26
1416,Riya Bansal,60,Female,Pune,riya.bansal416@gmail.com,9266060967,2021-08-29
1417,Vikas Sharma,65,Female,Bangalore,vikas.sharma417@gmail.com,9641652837,2024-09-16
1418,Amit Reddy,37,Male,Ahmedabad,amit.reddy418@gmail.com,9114739388,2022-03-20
1419,Priya Dutta,62,Female,Pune,priya.dutta419@gmail.com,9749535949,2023-03-01
1420,Karan Sharma,47,Male,Pune,karan.sharma420@gmail.com,9758429318,2021-05-22
1421,Amit Choudhary,54,Female,Delhi,amit.choudhary421@gmail.com,9606396118,2025-06-01
1422,Divya Rao,37,Female,Mumbai,divya.rao422@gmail.com,9188596649,2025-05-18
1423,Meera Kumar,32,Male,Hyderabad,meera.kumar423@gmail.com,9910409657,2021-06-08
1424,Riya Saxena,31,Male,Ahmedabad,riya.saxena424@gmail.com,9597202203,2021-06-21
1425,Sanjay Gupta,64,Male,Pune,sanjay.gupta425@gmail.com,9899982976,2022-04-13
1426,Isha Dutta,31,Male,Bangalore,isha.dutta426@gmail.com,9982806900,2022-01-18
1427,Riya Chopra,65,Female,Lucknow,riya.chopra427@gmail.com,9649698764,2022-11-10
1428,Tanya Chatterjee,20,Female,Jaipur,tanya.chatterjee428@gmail.com,9479910527,2024-01-29
1429,Sanya Iyer,55,Male,Pune,sanya.iyer429@gmail.com,9157326711,2021-09-27
1430,Vikas Chopra,18,Female,Lucknow,vikas.chopra430@gmail.com,9849785061,2022-11-25
1431,Anjali Iyer,37,Male,Delhi,anjali.iyer431@gmail.com,9263000652,2025-11-26
1432,Sanya Patel,40,Male,Mumbai,sanya.patel432@gmail.com,9267513415,2023-04-03
1433,Vivek Kapoor,58,Female,Delhi,vivek.kapoor433@gmail.com,9876571563,2024-10-31
1434,Riya Choudhary,60,Male,Mumbai,riya.choudhary434@gmail.com,9682047193,2022-01-14
1435,Rohit Chopra,32,Female,Hyderabad,rohit.chopra435@gmail.com,9771639123,2025-01-01
1436,Neha Agarwal,51,Female,Hyderabad,neha.agarwal436@gmail.com,9729770948,2024-07-19
1437,Sanya Kapoor,20,Female,Kolkata,sanya.kapoor437@gmail.com,9124384355,2021-09-13
1438,Rahul Rao,22,Female,Mumbai,rahul.rao438@gmail.com,9814733540,2023-04-02
1439,Nikhil Verma,22,Male,Ahmedabad,nikhil.verma439@gmail.com,9124466349,2023-11-14
1440,Aditya Choudhary,46,Male,Chennai,aditya.choudhary440@gmail.com,9933354124,2022-06-07
1441,Riya Agarwal,42,Male,Kolkata,riya.agarwal441@gmail.com,9780920283,2021-06-10
1442,Rohit Rao,18,Male,Jaipur,rohit.rao442@gmail.com,9523905780,2021-04-05
1443,Sneha Desai,33,Male,Hyderabad,sneha.desai443@gmail.com,9826119061,2022-04-15
1444,Rohit Chopra,21,Male,Kolkata,rohit.chopra444@gmail.com,9323170053,2023-02-22
1445,Rahul Singh,40,Male,Pune,rahul.singh445@gmail.com,9153616098,2023-04-28
1446,Arjun Agarwal,64,Male,Bangalore,arjun.agarwal446@gmail.com,9290698292,2023-10-14
1447,Rahul Reddy,21,Male,Mumbai,rahul.reddy447@gmail.com,9975593974,2021-10-04
1448,Sanjay Choudhary,50,Male,Chennai,sanjay.choudhary448@gmail.com,9990064893,2025-06-26
1449,Neha Sharma,46,Female,Pune,neha.sharma449@gmail.com,9606054145,2021-09-24
1450,Raghav Chopra,54,Male,Ahmedabad,raghav.chopra450@gmail.com,9482604252,2024-11-09
1451,Pooja Reddy,44,Male,Jaipur,pooja.reddy451@gmail.com,9415961487,2021-01-04
1452,Amit Sharma,53,Female,Pune,amit.sharma452@gmail.com,9386479849,2022-09-10
1453,Riya Saxena,60,Male,Bangalore,riya.saxena453@gmail.com,9597246774,2023-04-24
1454,Rakesh Joshi,36,Female,Delhi,rakesh.joshi454@gmail.com,9616236060,2024-06-27
1455,Riya Dutta,18,Female,Pune,riya.dutta455@gmail.com,9541569909,2025-09-01
1456,Nikhil Joshi,42,Female,Ahmedabad,nikhil.joshi456@gmail.com,9624514522,2022-03-06
1457,Pooja Rao,65,Female,Kolkata,pooja.rao457@gmail.com,9937591173,2022-11-10
1458,Kavya Chatterjee,56,Female,Hyderabad,kavya.chatterjee458@gmail.com,9796971474,2025-04-10
1459,Anjali Reddy,58,Female,Delhi,anjali.reddy459@gmail.com,9488568894,2022-06-30
1460,Isha Dutta,39,Male,Kolkata,isha.dutta460@gmail.com,9384798024,2021-05-12
1461,Tanya Nair,37,Female,Delhi,tanya.nair461@gmail.com,9276995997,2024-04-18
1462,Siddharth Agarwal,59,Female,Mumbai,siddharth.agarwal462@gmail.com,9242319940,2021-04-29
1463,Nikhil Bhatia,24,Male,Hyderabad,nikhil.bhatia463@gmail.com,9178792957,2022-12-10
1464,Anjali Desai,30,Male,Chennai,anjali.desai464@gmail.com,9878523174,2022-08-16
1465,Riya Chatterjee,20,Male,Hyderabad,riya.chatterjee465@gmail.com,9641494330,2021-01-26
1466,Akash Reddy,33,Female,Pune,akash.reddy466@gmail.com,9189152322,2023-06-17
1467,Siddharth Chopra,60,Female,Kolkata,siddharth.chopra467@gmail.com,9464260596,2024-10-13
1468,Riya Malhotra,39,Male,Mumbai,riya.malhotra468@gmail.com,9152707775,2022-04-03
1469,Kavya Nair,56,Male,Jaipur,kavya.nair469@gmail.com,9350354851,2023-04-14
1470,Rahul Joshi,44,Male,Chennai,rahul.joshi470@gmail.com,9614307528,2023-11-20
1471,Vivek Verma,33,Female,Kolkata,vivek.verma471@gmail.com,9149983828,2024-02-02
1472,Manoj Patel,41,Female,Lucknow,manoj.patel472@gmail.com,9998139405,2021-04-17
1473,Nikhil Chopra,60,Male,Ahmedabad,nikhil.chopra473@gmail.com,9120160575,2025-08-09
1474,Pooja Sharma,53,Male,Lucknow,pooja.sharma474@gmail.com,9572282763,2021-11-07
1475,Ananya Jain,52,Female,Jaipur,ananya.jain475@gmail.com,9262676948,2024-06-17
1476,Divya Jain,31,Female,Chennai,divya.jain476@gmail.com,9479830770,2022-07-13
1477,Ananya Kapoor,57,Female,Hyderabad,ananya.kapoor477@gmail.com,9465406918,2022-02-24
1478,Vikas Bansal,54,Female,Kolkata,vikas.bansal478@gmail.com,9852861495,2024-10-31
1479,Tanya Sharma,51,Female,Kolkata,tanya.sharma479@gmail.com,9464730090,2025-04-13
1480,Isha Reddy,31,Male,Mumbai,isha.reddy480@gmail.com,9147218750,2023-02-24
1481,Vivek Gupta,51,Male,Chennai,vivek.gupta481@gmail.com,9434453876,2021-07-31
1482,Vivek Jain,62,Male,Delhi,vivek.jain482@gmail.com,9588752302,2021-03-21
1483,Siddharth Iyer,40,Male,Mumbai,siddharth.iyer483@gmail.com,9169106064,2025-11-30
1484,Raghav Joshi,18,Female,Pune,raghav.joshi484@gmail.com,9489682125,2023-03-24
1485,Shreya Reddy,59,Female,Hyderabad,shreya.reddy485@gmail.com,9861730102,2024-02-17
1486,Manoj Joshi,56,Female,Kolkata,manoj.joshi486@gmail.com,9556392848,2021-09-11
1487,Akash Rao,53,Male,Delhi,akash.rao487@gmail.com,9216869289,2023-04-15
1488,Isha Saxena,46,Female,Lucknow,isha.saxena488@gmail.com,9519908895,2024-02-28
1489,Aarav Desai,33,Male,Hyderabad,aarav.desai489@gmail.com,9660619952,2023-06-18
1490,Amit Reddy,44,Female,Bangalore,amit.reddy490@gmail.com,9149204126,2023-07-18
1491,Arjun Desai,36,Male,Jaipur,arjun.desai491@gmail.com,9924945654,2024-05-31
1492,Sanya Kapoor,38,Female,Kolkata,sanya.kapoor492@gmail.com,9137873426,2022-11-20
1493,Meera Bansal,42,Female,Jaipur,meera.bansal493@gmail.com,9905682725,2023-01-08
1494,Priya Patel,18,Male,Kolkata,priya.patel494@gmail.com,9393597045,2023-07-05
1495,Tanya Bhatia,33,Female,Hyderabad,tanya.bhatia495@gmail.com,9112576672,2025-07-02
1496,Vikas Kumar,65,Male,Delhi,vikas.kumar496@gmail.com,9961505007,2022-02-23
1497,Kavya Saxena,44,Female,Lucknow,kavya.saxena497@gmail.com,9724876760,2021-08-13
1498,Amit Bansal,36,Male,Pune,amit.bansal498@gmail.com,9656760369,2021-12-12
1499,Pooja Jain,32,Female,Delhi,pooja.jain499@gmail.com,9920329692,2022-02-11
1500,Aarav Sharma,50,Male,Kolkata,aarav.sharma500@gmail.com,9847305934,2025-09-22
